columna,tipo,faltantes,porcentaje_faltante,valores_distintos
Directorio,string,0,0.0,41802
Secuencia_p,string,0,0.0,5
Secuencia_encuesta,string,0,0.0,18
Orden,string,0,0.0,18
Fex_c,string,0,0.0,34953
llave_hogar,string,0,0.0,42158
P6020,string,0,0.0,2
P6030S1,string,6681,5.477172300150026,12
P6030S3,string,6681,5.477172300150026,105
P6040,string,0,0.0,105
P6050,string,0,0.0,9
P5502,string,14730,12.075849121570107,6
EDUCACION__Secuencia_encuesta,string,3489,2.860328417186565,17
EDUCACION__Fex_c,string,3489,2.860328417186565,34953
EDUCACION__llave_hogar,string,3489,2.860328417186565,42158
EDUCACION__P6160,string,3489,2.860328417186565,2
EDUCACION__P6170,string,3489,2.860328417186565,2
EDUCACION__P6175,string,90774,74.41772764164324,2
EDUCACION__P6210,string,3489,2.860328417186565,7
EDUCACION__P6210S1,string,3489,2.860328417186565,17
EDUCACION__P6220,string,53148,43.57143442723748,5
presente__EDUCACION,bool,0,0.0,2
FUERZA_DE_TRABAJO__Secuencia_encuesta,string,14730,12.075849121570107,16
FUERZA_DE_TRABAJO__Fex_c,string,14730,12.075849121570107,34953
FUERZA_DE_TRABAJO__llave_hogar,string,14730,12.075849121570107,42158
FUERZA_DE_TRABAJO__P6240,string,14730,12.075849121570107,6
FUERZA_DE_TRABAJO__P6250,string,70835,58.07147131883357,2
FUERZA_DE_TRABAJO__P6260,string,78101,64.02823436821092,2
FUERZA_DE_TRABAJO__P6270,string,78634,64.46519482861804,2
FUERZA_DE_TRABAJO__P6280,string,79078,64.82919191008288,2
FUERZA_DE_TRABAJO__P6300,string,83658,68.58393657924725,2
FUERZA_DE_TRABAJO__P6310,string,120316,98.63665057099993,13
FUERZA_DE_TRABAJO__P7430,string,121471,99.58353487075644,2
FUERZA_DE_TRABAJO__P6330,string,121908,99.94179325949548,2
FUERZA_DE_TRABAJO__P6340,string,121496,99.60403020192,2
FUERZA_DE_TRABAJO__P6351,string,117246,96.11982390411464,2
presente__FUERZA_DE_TRABAJO,bool,0,0.0,2
COMPLEMENTARIAS__Secuencia_encuesta,string,14730,12.075849121570107,16
COMPLEMENTARIAS__Fex_c,string,14730,12.075849121570107,34953
COMPLEMENTARIAS__llave_hogar,string,14730,12.075849121570107,42158
COMPLEMENTARIAS__P1992,string,14730,12.075849121570107,2
COMPLEMENTARIAS__P1993S1,string,117785,96.56170324400102,31
COMPLEMENTARIAS__P1993S1A1,string,117785,96.56170324400102,512
COMPLEMENTARIAS__P1994,string,117785,96.56170324400102,9
COMPLEMENTARIAS__P1994S1,string,121673,99.74913714655801,6
COMPLEMENTARIAS__P1995,string,117785,96.56170324400102,358
COMPLEMENTARIAS__P1995S1,string,117785,96.56170324400102,353
COMPLEMENTARIAS__P1996S1,string,117785,96.56170324400102,2
COMPLEMENTARIAS__P1996S1A1,string,121862,99.90408185015454,17
COMPLEMENTARIAS__P1996S2,string,117785,96.56170324400102,2
COMPLEMENTARIAS__P1996S2A1,string,119322,97.82175620393674,43
COMPLEMENTARIAS__P1996S3,string,117785,96.56170324400102,2
COMPLEMENTARIAS__P1996S3A1,string,120845,99.07033177842088,21
COMPLEMENTARIAS__P1996S4,string,117785,96.56170324400102,2
COMPLEMENTARIAS__P1996S4A1,string,121879,99.91801867534575,11
COMPLEMENTARIAS__P1996S5,string,117785,96.56170324400102,2
COMPLEMENTARIAS__P1996S5A1,string,121891,99.92785643430426,5
COMPLEMENTARIAS__P1996S7,string,117785,96.56170324400102,2
COMPLEMENTARIAS__P1996S7A1,string,121931,99.96064896416597,8
COMPLEMENTARIAS__P1996S8,string,117785,96.56170324400102,2
COMPLEMENTARIAS__P1996S8A1,string,121951,99.97704522909682,7
COMPLEMENTARIAS__P1996S10,string,117785,96.56170324400102,2
COMPLEMENTARIAS__P1996S10A1,string,121936,99.96474803039868,10
COMPLEMENTARIAS__P1997,string,117785,96.56170324400102,5
COMPLEMENTARIAS__P1998,string,18924,15.51414587756909,8
presente__COMPLEMENTARIAS,bool,0,0.0,2
TURISMO__Secuencia_encuesta,string,14730,12.075849121570107,16
TURISMO__Fex_c,string,14730,12.075849121570107,34953
TURISMO__llave_hogar,string,14730,12.075849121570107,42158
TURISMO__P7570,string,14730,12.075849121570107,2
TURISMO__P7571S1,string,114833,94.14161454020774,2
TURISMO__P7571S1A1,string,121563,99.65895768943834,3
TURISMO__P7571S1A2,string,121563,99.65895768943834,2
TURISMO__P7571S1A3,string,121737,99.80160519433673,54
TURISMO__P7573S3,string,121563,99.65895768943834,37
TURISMO__P7571S2,string,114833,94.14161454020774,2
TURISMO__P7571S2A1,string,115217,94.45642282688004,9
TURISMO__P7579,string,21492,17.61942629469007,8
TURISMO__P7580,string,115217,94.45642282688004,9
TURISMO__P7580S3,string,121501,99.60812926815271,6
TURISMO__P7580S1,string,115217,94.45642282688004,5
TURISMO__P7573S1,string,115217,94.45642282688004,32
TURISMO__P7573S2,string,115217,94.45642282688004,667
TURISMO__P549,string,115217,94.45642282688004,383
TURISMO__P549S1,string,115217,94.45642282688004,367
TURISMO__P7574S1,string,115217,94.45642282688004,2
TURISMO__P7574S1A1,string,121806,99.85817230834816,18
TURISMO__P7574S5,string,115217,94.45642282688004,2
TURISMO__P7574S5A1,string,117760,96.54120791283745,58
TURISMO__P7574S2,string,115217,94.45642282688004,2
TURISMO__P7574S2A1,string,120066,98.43169725936431,26
TURISMO__P7574S8,string,115217,94.45642282688004,2
TURISMO__P7574S8A1,string,121752,99.81390239303487,18
TURISMO__P7574S4,string,115217,94.45642282688004,2
TURISMO__P7574S4A1,string,121884,99.92211774157846,9
TURISMO__P7574S10,string,115217,94.45642282688004,2
TURISMO__P7574S10A1,string,121880,99.9188384885923,11
TURISMO__P7574S3,string,115217,94.45642282688004,2
TURISMO__P7574S3A1,string,121931,99.96064896416597,8
TURISMO__P7574S7,string,115217,94.45642282688004,2
TURISMO__P7574S7A2,string,121903,99.93769419326277,13
TURISMO__P15001,string,119540,98.00047549168299,2
TURISMO__P7575,string,115217,94.45642282688004,5
TURISMO__P7576,string,115217,94.45642282688004,2
TURISMO__P7576S1,string,121698,99.76963247772157,5
TURISMO__P7576S2,string,121698,99.76963247772157,7
TURISMO__P7576S3,string,121698,99.76963247772157,67
TURISMO__P7576S5,string,121956,99.98114429532953,4
TURISMO__P7577S1,string,121698,99.76963247772157,2
TURISMO__P7577S2,string,121698,99.76963247772157,2
TURISMO__P7577S3,string,121698,99.76963247772157,2
TURISMO__P7577S4,string,121698,99.76963247772157,2
TURISMO__P7577S5,string,121698,99.76963247772157,2
TURISMO__P7577S7,string,121698,99.76963247772157,2
TURISMO__P7577S6,string,121698,99.76963247772157,2
TURISMO__P7578,string,115217,94.45642282688004,392
TURISMO__P7581S1,string,115217,94.45642282688004,3
TURISMO__P7581S1A1,string,120600,98.86947753301799,114
TURISMO__P7581S1A2,string,120600,98.86947753301799,11
TURISMO__P7581S1A3,string,121915,99.94753195222128,30
TURISMO__P7581S9,string,115217,94.45642282688004,3
TURISMO__P7581S9A1,string,121247,99.39989670353093,93
TURISMO__P7581S9A2,string,121247,99.39989670353093,7
TURISMO__P7581S9A3,string,121948,99.97458578935718,13
TURISMO__P7581S10,string,115217,94.45642282688004,3
TURISMO__P7581S10A1,string,118204,96.9052049943023,168
TURISMO__P7581S10A2,string,118204,96.9052049943023,12
TURISMO__P7581S10A3,string,121886,99.92375736807155,28
TURISMO__P7581S3,string,115217,94.45642282688004,3
TURISMO__P7581S3A1,string,120708,98.95801736364456,88
TURISMO__P7581S3A2,string,120708,98.95801736364456,8
TURISMO__P7581S3A3,string,121955,99.98032448208298,13
TURISMO__P7581S4,string,115217,94.45642282688004,3
TURISMO__P7581S4A1,string,117838,96.60515334606777,176
TURISMO__P7581S4A2,string,117838,96.60515334606777,13
TURISMO__P7581S4A3,string,121858,99.90080259716837,36
TURISMO__P7581S5,string,115217,94.45642282688004,3
TURISMO__P7581S5A1,string,121108,99.28594266226153,62
TURISMO__P7581S5A2,string,121108,99.28594266226153,9
TURISMO__P7581S5A3,string,121971,99.99344149402766,5
TURISMO__P7581S6,string,115217,94.45642282688004,3
TURISMO__P7581S6A1,string,121166,99.33349183056099,74
TURISMO__P7581S6A2,string,121166,99.33349183056099,9
TURISMO__P7581S6A3,string,121954,99.97950466883644,10
TURISMO__P7581S7,string,115217,94.45642282688004,3
TURISMO__P7581S7A1,string,120971,99.17362824748523,71
TURISMO__P7581S7A2,string,120971,99.17362824748523,9
TURISMO__P7581S7A3,string,121952,99.97786504234335,9
TURISMO__P7581S8,string,115217,94.45642282688004,3
TURISMO__P7581S8A1,string,121439,99.55730084686708,81
TURISMO__P7581S8A2,string,121439,99.55730084686708,7
TURISMO__P7581S8A3,string,121972,99.9942613072742,4
TURISMO__P7581S11,string,115217,94.45642282688004,3
TURISMO__P7581S11A2,string,121979,100.0,0
TURISMO__P7581S11A1,string,121952,99.97786504234335,18
presente__TURISMO,bool,0,0.0,2
EXCURSIONISMO__Secuencia_encuesta,string,14730,12.075849121570107,16
EXCURSIONISMO__Fex_c,string,14730,12.075849121570107,34953
EXCURSIONISMO__llave_hogar,string,14730,12.075849121570107,42158
EXCURSIONISMO__P7582,string,14730,12.075849121570107,2
EXCURSIONISMO__P7583S1,string,116344,95.38035235573336,2
EXCURSIONISMO__P7583S1A1,string,121935,99.96392821715213,2
EXCURSIONISMO__P7583S2,string,116344,95.38035235573336,2
EXCURSIONISMO__P7583S2A1,string,116360,95.39346936767804,11
EXCURSIONISMO__P15000,string,20349,16.682379753892064,8
EXCURSIONISMO__P7584,string,116360,95.39346936767804,9
EXCURSIONISMO__P7584S1A1,string,121651,99.73110125513408,5
EXCURSIONISMO__P7585S1,string,116360,95.39346936767804,27
EXCURSIONISMO__P7585S2,string,116360,95.39346936767804,474
EXCURSIONISMO__P7586,string,116360,95.39346936767804,5
EXCURSIONISMO__P7587,string,116360,95.39346936767804,216
EXCURSIONISMO__P7587S1,string,116360,95.39346936767804,3
EXCURSIONISMO__P7587S1A1,string,118577,97.21099533526262,125
EXCURSIONISMO__P7587S1A2,string,118577,97.21099533526262,8
EXCURSIONISMO__P7587S1A3,string,121842,99.88768558522368,32
EXCURSIONISMO__P7587S2,string,116360,95.39346936767804,3
EXCURSIONISMO__P7587S2A1,string,121675,99.7507767730511,42
EXCURSIONISMO__P7587S2A2,string,121675,99.7507767730511,6
EXCURSIONISMO__P7587S2A3,string,121973,99.99508112052075,6
EXCURSIONISMO__P7587S3,string,116360,95.39346936767804,3
EXCURSIONISMO__P7587S3A1,string,118632,97.25608506382247,130
EXCURSIONISMO__P7587S3A2,string,118632,97.25608506382247,9
EXCURSIONISMO__P7587S3A3,string,121854,99.89752334418219,32
EXCURSIONISMO__P7587S4,string,116360,95.39346936767804,3
EXCURSIONISMO__P7587S4A1,string,121830,99.87784782626518,32
EXCURSIONISMO__P7587S4A2,string,121830,99.87784782626518,5
EXCURSIONISMO__P7587S4A3,string,121979,100.0,0
EXCURSIONISMO__P7587S5,string,116360,95.39346936767804,3
EXCURSIONISMO__P7587S5A1,string,121489,99.5982915091942,59
EXCURSIONISMO__P7587S5A2,string,121489,99.5982915091942,7
EXCURSIONISMO__P7587S5A3,string,121969,99.99180186753458,7
EXCURSIONISMO__P7587S6,string,116360,95.39346936767804,3
EXCURSIONISMO__P7587S6A1,string,121575,99.66879544839685,60
EXCURSIONISMO__P7587S6A2,string,121575,99.66879544839685,7
EXCURSIONISMO__P7587S6A3,string,121964,99.98770280130186,8
EXCURSIONISMO__P7587S7,string,116360,95.39346936767804,3
EXCURSIONISMO__P7587S7A1,string,121710,99.77947023668008,52
EXCURSIONISMO__P7587S7A2,string,121710,99.77947023668008,6
EXCURSIONISMO__P7587S7A3,string,121978,99.99918018675345,1
EXCURSIONISMO__P7587S8,string,116360,95.39346936767804,3
EXCURSIONISMO__P7587S8A1,string,121962,99.98606317480878,15
EXCURSIONISMO__P7587S8A3,string,121979,100.0,0
presente__EXCURSIONISMO,bool,0,0.0,2
HOGAR__Directorio,string,0,0.0,41802
HOGAR__Secuencia_p,string,0,0.0,1
HOGAR__Secuencia_encuesta,string,0,0.0,5
HOGAR__Orden,string,0,0.0,5
HOGAR__Fex_c,string,0,0.0,34953
HOGAR__P36,string,0,0.0,2
HOGAR__P36S1,string,120457,98.75224423876242,3
HOGAR__P6007,string,0,0.0,2
HOGAR__P6007S1,string,119765,98.18493347215505,5
HOGAR__P543,string,0,0.0,2
HOGAR__P544S1,string,0,0.0,2
HOGAR__P544S2,string,0,0.0,2
HOGAR__P544S3,string,0,0.0,2
HOGAR__P544S4,string,0,0.0,2
HOGAR__P544S5,string,0,0.0,2
HOGAR__P544S6,string,0,0.0,2
HOGAR__P544S7,string,0,0.0,2
HOGAR__P544S8,string,0,0.0,2
HOGAR__P544S9,string,121683,99.75733527902344,4
HOGAR__P545,string,296,0.24266472097656155,8
HOGAR__P546,string,121683,99.75733527902344,34
HOGAR__P547,string,296,0.24266472097656155,438
presente__HOGAR,bool,0,0.0,1
VIVIENDA__Secuencia_p,string,0,0.0,1
VIVIENDA__Secuencia_encuesta,string,0,0.0,1
VIVIENDA__Orden,string,0,0.0,1
VIVIENDA__Fex_c,string,0,0.0,34953
VIVIENDA__area,string,0,0.0,24
VIVIENDA__P5747,string,0,0.0,6
VIVIENDA__P8520S1,string,0,0.0,2
VIVIENDA__P8520S1A1,string,59,0.04836898154600382,8
VIVIENDA__P8520S2,string,0,0.0,2
VIVIENDA__P8520S3,string,0,0.0,2
VIVIENDA__P8520S4,string,0,0.0,2
VIVIENDA__P8520S5,string,0,0.0,2
presente__VIVIENDA,bool,0,0.0,1
VIVIENDA_USO_RECREATIVO__Directorio__registro_1,string,120457,98.75224423876242,554
VIVIENDA_USO_RECREATIVO__Directorio__registro_2,string,121911,99.94425269923511,23
VIVIENDA_USO_RECREATIVO__Directorio__registro_3,string,121968,99.99098205428804,3
VIVIENDA_USO_RECREATIVO__Secuencia_p__registro_1,string,120457,98.75224423876242,1
VIVIENDA_USO_RECREATIVO__Secuencia_p__registro_2,string,121911,99.94425269923511,1
VIVIENDA_USO_RECREATIVO__Secuencia_p__registro_3,string,121968,99.99098205428804,1
VIVIENDA_USO_RECREATIVO__Secuencia_encuesta__registro_1,string,120457,98.75224423876242,1
VIVIENDA_USO_RECREATIVO__Secuencia_encuesta__registro_2,string,121911,99.94425269923511,1
VIVIENDA_USO_RECREATIVO__Secuencia_encuesta__registro_3,string,121968,99.99098205428804,1
VIVIENDA_USO_RECREATIVO__Fex_c__registro_1,string,120457,98.75224423876242,544
VIVIENDA_USO_RECREATIVO__Fex_c__registro_2,string,121911,99.94425269923511,23
VIVIENDA_USO_RECREATIVO__Fex_c__registro_3,string,121968,99.99098205428804,3
VIVIENDA_USO_RECREATIVO__P37__registro_1,string,120457,98.75224423876242,2
VIVIENDA_USO_RECREATIVO__P37__registro_2,string,121911,99.94425269923511,2
VIVIENDA_USO_RECREATIVO__P37__registro_3,string,121968,99.99098205428804,1
VIVIENDA_USO_RECREATIVO__P38S1__registro_1,string,120860,99.08262897711901,2
VIVIENDA_USO_RECREATIVO__P38S1__registro_2,string,121937,99.96556784364522,1
VIVIENDA_USO_RECREATIVO__P38S1__registro_3,string,121968,99.99098205428804,1
VIVIENDA_USO_RECREATIVO__P38S1A1__registro_1,string,120913,99.12607907918576,75
VIVIENDA_USO_RECREATIVO__P38S1A1__registro_2,string,121937,99.96556784364522,12
VIVIENDA_USO_RECREATIVO__P38S1A1__registro_3,string,121968,99.99098205428804,3
VIVIENDA_USO_RECREATIVO__P38S2__registro_1,string,120860,99.08262897711901,2
VIVIENDA_USO_RECREATIVO__P38S2__registro_2,string,121937,99.96556784364522,2
VIVIENDA_USO_RECREATIVO__P38S2__registro_3,string,121968,99.99098205428804,2
VIVIENDA_USO_RECREATIVO__P38S2A1__registro_1,string,121449,99.56549897933252,47
VIVIENDA_USO_RECREATIVO__P38S2A1__registro_2,string,121962,99.98606317480878,5
VIVIENDA_USO_RECREATIVO__P38S2A1__registro_3,string,121970,99.99262168078111,2
VIVIENDA_USO_RECREATIVO__P38S3__registro_1,string,120860,99.08262897711901,2
VIVIENDA_USO_RECREATIVO__P38S3__registro_2,string,121937,99.96556784364522,2
VIVIENDA_USO_RECREATIVO__P38S3__registro_3,string,121968,99.99098205428804,1
VIVIENDA_USO_RECREATIVO__P38S3A1__registro_1,string,121810,99.86145156133432,29
VIVIENDA_USO_RECREATIVO__P38S3A1__registro_2,string,121964,99.98770280130186,3
VIVIENDA_USO_RECREATIVO__P38S3A1__registro_3,string,121979,100.0,0
VIVIENDA_USO_RECREATIVO__presente__registro_1,str,120457,98.75224423876242,1
VIVIENDA_USO_RECREATIVO__presente__registro_2,str,121911,99.94425269923511,1
VIVIENDA_USO_RECREATIVO__presente__registro_3,str,121968,99.99098205428804,1
presente__VIVIENDA_USO_RECREATIVO,bool,0,0.0,2
trimestre,int64,0,0.0,4
anio,int64,0,0.0,1
