columna,modulo,variable_original
Directorio,CARACTERISTICAS_GENERALES,Directorio
Secuencia_p,CARACTERISTICAS_GENERALES,Secuencia_p
Secuencia_encuesta,CARACTERISTICAS_GENERALES,Secuencia_encuesta
Orden,CARACTERISTICAS_GENERALES,Orden
Fex_c,CARACTERISTICAS_GENERALES,Fex_c
llave_hogar,CARACTERISTICAS_GENERALES,llave_hogar
P6020,CARACTERISTICAS_GENERALES,P6020
P6030S1,CARACTERISTICAS_GENERALES,P6030S1
P6030S3,CARACTERISTICAS_GENERALES,P6030S3
P6040,CARACTERISTICAS_GENERALES,P6040
P6050,CARACTERISTICAS_GENERALES,P6050
P5502,CARACTERISTICAS_GENERALES,P5502
EDUCACION__Secuencia_encuesta,EDUCACION,Secuencia_encuesta
EDUCACION__Fex_c,EDUCACION,Fex_c
EDUCACION__llave_hogar,EDUCACION,llave_hogar
EDUCACION__P6160,EDUCACION,P6160
EDUCACION__P6170,EDUCACION,P6170
EDUCACION__P6175,EDUCACION,P6175
EDUCACION__P6210,EDUCACION,P6210
EDUCACION__P6210S1,EDUCACION,P6210S1
EDUCACION__P6220,EDUCACION,P6220
FUERZA_DE_TRABAJO__Secuencia_encuesta,FUERZA_DE_TRABAJO,Secuencia_encuesta
FUERZA_DE_TRABAJO__Fex_c,FUERZA_DE_TRABAJO,Fex_c
FUERZA_DE_TRABAJO__llave_hogar,FUERZA_DE_TRABAJO,llave_hogar
FUERZA_DE_TRABAJO__P6240,FUERZA_DE_TRABAJO,P6240
FUERZA_DE_TRABAJO__P6250,FUERZA_DE_TRABAJO,P6250
FUERZA_DE_TRABAJO__P6260,FUERZA_DE_TRABAJO,P6260
FUERZA_DE_TRABAJO__P6270,FUERZA_DE_TRABAJO,P6270
FUERZA_DE_TRABAJO__P6280,FUERZA_DE_TRABAJO,P6280
FUERZA_DE_TRABAJO__P6300,FUERZA_DE_TRABAJO,P6300
FUERZA_DE_TRABAJO__P6310,FUERZA_DE_TRABAJO,P6310
FUERZA_DE_TRABAJO__P7430,FUERZA_DE_TRABAJO,P7430
FUERZA_DE_TRABAJO__P6330,FUERZA_DE_TRABAJO,P6330
FUERZA_DE_TRABAJO__P6340,FUERZA_DE_TRABAJO,P6340
FUERZA_DE_TRABAJO__P6351,FUERZA_DE_TRABAJO,P6351
COMPLEMENTARIAS__Secuencia_encuesta,COMPLEMENTARIAS,Secuencia_encuesta
COMPLEMENTARIAS__Fex_c,COMPLEMENTARIAS,Fex_c
COMPLEMENTARIAS__llave_hogar,COMPLEMENTARIAS,llave_hogar
COMPLEMENTARIAS__P1992,COMPLEMENTARIAS,P1992
COMPLEMENTARIAS__P1993S1,COMPLEMENTARIAS,P1993S1
COMPLEMENTARIAS__P1993S1A1,COMPLEMENTARIAS,P1993S1A1
COMPLEMENTARIAS__P1994,COMPLEMENTARIAS,P1994
COMPLEMENTARIAS__P1994S1,COMPLEMENTARIAS,P1994S1
COMPLEMENTARIAS__P1995,COMPLEMENTARIAS,P1995
COMPLEMENTARIAS__P1995S1,COMPLEMENTARIAS,P1995S1
COMPLEMENTARIAS__P1996S1,COMPLEMENTARIAS,P1996S1
COMPLEMENTARIAS__P1996S1A1,COMPLEMENTARIAS,P1996S1A1
COMPLEMENTARIAS__P1996S2,COMPLEMENTARIAS,P1996S2
COMPLEMENTARIAS__P1996S2A1,COMPLEMENTARIAS,P1996S2A1
COMPLEMENTARIAS__P1996S3,COMPLEMENTARIAS,P1996S3
COMPLEMENTARIAS__P1996S3A1,COMPLEMENTARIAS,P1996S3A1
COMPLEMENTARIAS__P1996S4,COMPLEMENTARIAS,P1996S4
COMPLEMENTARIAS__P1996S4A1,COMPLEMENTARIAS,P1996S4A1
COMPLEMENTARIAS__P1996S5,COMPLEMENTARIAS,P1996S5
COMPLEMENTARIAS__P1996S5A1,COMPLEMENTARIAS,P1996S5A1
COMPLEMENTARIAS__P1996S7,COMPLEMENTARIAS,P1996S7
COMPLEMENTARIAS__P1996S7A1,COMPLEMENTARIAS,P1996S7A1
COMPLEMENTARIAS__P1996S8,COMPLEMENTARIAS,P1996S8
COMPLEMENTARIAS__P1996S8A1,COMPLEMENTARIAS,P1996S8A1
COMPLEMENTARIAS__P1996S10,COMPLEMENTARIAS,P1996S10
COMPLEMENTARIAS__P1996S10A1,COMPLEMENTARIAS,P1996S10A1
COMPLEMENTARIAS__P1997,COMPLEMENTARIAS,P1997
COMPLEMENTARIAS__P1998,COMPLEMENTARIAS,P1998
TURISMO__Secuencia_encuesta,TURISMO,Secuencia_encuesta
TURISMO__Fex_c,TURISMO,Fex_c
TURISMO__llave_hogar,TURISMO,llave_hogar
TURISMO__P7570,TURISMO,P7570
TURISMO__P7571S1,TURISMO,P7571S1
TURISMO__P7571S1A1,TURISMO,P7571S1A1
TURISMO__P7571S1A2,TURISMO,P7571S1A2
TURISMO__P7571S1A3,TURISMO,P7571S1A3
TURISMO__P7573S3,TURISMO,P7573S3
TURISMO__P7571S2,TURISMO,P7571S2
TURISMO__P7571S2A1,TURISMO,P7571S2A1
TURISMO__P7579,TURISMO,P7579
TURISMO__P7580,TURISMO,P7580
TURISMO__P7580S3,TURISMO,P7580S3
TURISMO__P7580S1,TURISMO,P7580S1
TURISMO__P7573S1,TURISMO,P7573S1
TURISMO__P7573S2,TURISMO,P7573S2
TURISMO__P549,TURISMO,P549
TURISMO__P549S1,TURISMO,P549S1
TURISMO__P7574S1,TURISMO,P7574S1
TURISMO__P7574S1A1,TURISMO,P7574S1A1
TURISMO__P7574S5,TURISMO,P7574S5
TURISMO__P7574S5A1,TURISMO,P7574S5A1
TURISMO__P7574S2,TURISMO,P7574S2
TURISMO__P7574S2A1,TURISMO,P7574S2A1
TURISMO__P7574S8,TURISMO,P7574S8
TURISMO__P7574S8A1,TURISMO,P7574S8A1
TURISMO__P7574S4,TURISMO,P7574S4
TURISMO__P7574S4A1,TURISMO,P7574S4A1
TURISMO__P7574S10,TURISMO,P7574S10
TURISMO__P7574S10A1,TURISMO,P7574S10A1
TURISMO__P7574S3,TURISMO,P7574S3
TURISMO__P7574S3A1,TURISMO,P7574S3A1
TURISMO__P7574S7,TURISMO,P7574S7
TURISMO__P7574S7A2,TURISMO,P7574S7A2
TURISMO__P15001,TURISMO,P15001
TURISMO__P7575,TURISMO,P7575
TURISMO__P7576,TURISMO,P7576
TURISMO__P7576S1,TURISMO,P7576S1
TURISMO__P7576S2,TURISMO,P7576S2
TURISMO__P7576S3,TURISMO,P7576S3
TURISMO__P7576S5,TURISMO,P7576S5
TURISMO__P7577S1,TURISMO,P7577S1
TURISMO__P7577S2,TURISMO,P7577S2
TURISMO__P7577S3,TURISMO,P7577S3
TURISMO__P7577S4,TURISMO,P7577S4
TURISMO__P7577S5,TURISMO,P7577S5
TURISMO__P7577S7,TURISMO,P7577S7
TURISMO__P7577S6,TURISMO,P7577S6
TURISMO__P7578,TURISMO,P7578
TURISMO__P7581S1,TURISMO,P7581S1
TURISMO__P7581S1A1,TURISMO,P7581S1A1
TURISMO__P7581S1A2,TURISMO,P7581S1A2
TURISMO__P7581S1A3,TURISMO,P7581S1A3
TURISMO__P7581S9,TURISMO,P7581S9
TURISMO__P7581S9A1,TURISMO,P7581S9A1
TURISMO__P7581S9A2,TURISMO,P7581S9A2
TURISMO__P7581S9A3,TURISMO,P7581S9A3
TURISMO__P7581S10,TURISMO,P7581S10
TURISMO__P7581S10A1,TURISMO,P7581S10A1
TURISMO__P7581S10A2,TURISMO,P7581S10A2
TURISMO__P7581S10A3,TURISMO,P7581S10A3
TURISMO__P7581S3,TURISMO,P7581S3
TURISMO__P7581S3A1,TURISMO,P7581S3A1
TURISMO__P7581S3A2,TURISMO,P7581S3A2
TURISMO__P7581S3A3,TURISMO,P7581S3A3
TURISMO__P7581S4,TURISMO,P7581S4
TURISMO__P7581S4A1,TURISMO,P7581S4A1
TURISMO__P7581S4A2,TURISMO,P7581S4A2
TURISMO__P7581S4A3,TURISMO,P7581S4A3
TURISMO__P7581S5,TURISMO,P7581S5
TURISMO__P7581S5A1,TURISMO,P7581S5A1
TURISMO__P7581S5A2,TURISMO,P7581S5A2
TURISMO__P7581S5A3,TURISMO,P7581S5A3
TURISMO__P7581S6,TURISMO,P7581S6
TURISMO__P7581S6A1,TURISMO,P7581S6A1
TURISMO__P7581S6A2,TURISMO,P7581S6A2
TURISMO__P7581S6A3,TURISMO,P7581S6A3
TURISMO__P7581S7,TURISMO,P7581S7
TURISMO__P7581S7A1,TURISMO,P7581S7A1
TURISMO__P7581S7A2,TURISMO,P7581S7A2
TURISMO__P7581S7A3,TURISMO,P7581S7A3
TURISMO__P7581S8,TURISMO,P7581S8
TURISMO__P7581S8A1,TURISMO,P7581S8A1
TURISMO__P7581S8A2,TURISMO,P7581S8A2
TURISMO__P7581S8A3,TURISMO,P7581S8A3
TURISMO__P7581S11,TURISMO,P7581S11
TURISMO__P7581S11A2,TURISMO,P7581S11A2
TURISMO__P7581S11A1,TURISMO,P7581S11A1
EXCURSIONISMO__Secuencia_encuesta,EXCURSIONISMO,Secuencia_encuesta
EXCURSIONISMO__Fex_c,EXCURSIONISMO,Fex_c
EXCURSIONISMO__llave_hogar,EXCURSIONISMO,llave_hogar
EXCURSIONISMO__P7582,EXCURSIONISMO,P7582
EXCURSIONISMO__P7583S1,EXCURSIONISMO,P7583S1
EXCURSIONISMO__P7583S1A1,EXCURSIONISMO,P7583S1A1
EXCURSIONISMO__P7583S2,EXCURSIONISMO,P7583S2
EXCURSIONISMO__P7583S2A1,EXCURSIONISMO,P7583S2A1
EXCURSIONISMO__P15000,EXCURSIONISMO,P15000
EXCURSIONISMO__P7584,EXCURSIONISMO,P7584
EXCURSIONISMO__P7584S1A1,EXCURSIONISMO,P7584S1A1
EXCURSIONISMO__P7585S1,EXCURSIONISMO,P7585S1
EXCURSIONISMO__P7585S2,EXCURSIONISMO,P7585S2
EXCURSIONISMO__P7586,EXCURSIONISMO,P7586
EXCURSIONISMO__P7587,EXCURSIONISMO,P7587
EXCURSIONISMO__P7587S1,EXCURSIONISMO,P7587S1
EXCURSIONISMO__P7587S1A1,EXCURSIONISMO,P7587S1A1
EXCURSIONISMO__P7587S1A2,EXCURSIONISMO,P7587S1A2
EXCURSIONISMO__P7587S1A3,EXCURSIONISMO,P7587S1A3
EXCURSIONISMO__P7587S2,EXCURSIONISMO,P7587S2
EXCURSIONISMO__P7587S2A1,EXCURSIONISMO,P7587S2A1
EXCURSIONISMO__P7587S2A2,EXCURSIONISMO,P7587S2A2
EXCURSIONISMO__P7587S2A3,EXCURSIONISMO,P7587S2A3
EXCURSIONISMO__P7587S3,EXCURSIONISMO,P7587S3
EXCURSIONISMO__P7587S3A1,EXCURSIONISMO,P7587S3A1
EXCURSIONISMO__P7587S3A2,EXCURSIONISMO,P7587S3A2
EXCURSIONISMO__P7587S3A3,EXCURSIONISMO,P7587S3A3
EXCURSIONISMO__P7587S4,EXCURSIONISMO,P7587S4
EXCURSIONISMO__P7587S4A1,EXCURSIONISMO,P7587S4A1
EXCURSIONISMO__P7587S4A2,EXCURSIONISMO,P7587S4A2
EXCURSIONISMO__P7587S4A3,EXCURSIONISMO,P7587S4A3
EXCURSIONISMO__P7587S5,EXCURSIONISMO,P7587S5
EXCURSIONISMO__P7587S5A1,EXCURSIONISMO,P7587S5A1
EXCURSIONISMO__P7587S5A2,EXCURSIONISMO,P7587S5A2
EXCURSIONISMO__P7587S5A3,EXCURSIONISMO,P7587S5A3
EXCURSIONISMO__P7587S6,EXCURSIONISMO,P7587S6
EXCURSIONISMO__P7587S6A1,EXCURSIONISMO,P7587S6A1
EXCURSIONISMO__P7587S6A2,EXCURSIONISMO,P7587S6A2
EXCURSIONISMO__P7587S6A3,EXCURSIONISMO,P7587S6A3
EXCURSIONISMO__P7587S7,EXCURSIONISMO,P7587S7
EXCURSIONISMO__P7587S7A1,EXCURSIONISMO,P7587S7A1
EXCURSIONISMO__P7587S7A2,EXCURSIONISMO,P7587S7A2
EXCURSIONISMO__P7587S7A3,EXCURSIONISMO,P7587S7A3
EXCURSIONISMO__P7587S8,EXCURSIONISMO,P7587S8
EXCURSIONISMO__P7587S8A1,EXCURSIONISMO,P7587S8A1
EXCURSIONISMO__P7587S8A3,EXCURSIONISMO,P7587S8A3
HOGAR__Directorio,HOGAR,Directorio
HOGAR__Secuencia_p,HOGAR,Secuencia_p
HOGAR__Secuencia_encuesta,HOGAR,Secuencia_encuesta
HOGAR__Orden,HOGAR,Orden
HOGAR__Fex_c,HOGAR,Fex_c
HOGAR__P36,HOGAR,P36
HOGAR__P36S1,HOGAR,P36S1
HOGAR__P6007,HOGAR,P6007
HOGAR__P6007S1,HOGAR,P6007S1
HOGAR__P543,HOGAR,P543
HOGAR__P544S1,HOGAR,P544S1
HOGAR__P544S2,HOGAR,P544S2
HOGAR__P544S3,HOGAR,P544S3
HOGAR__P544S4,HOGAR,P544S4
HOGAR__P544S5,HOGAR,P544S5
HOGAR__P544S6,HOGAR,P544S6
HOGAR__P544S7,HOGAR,P544S7
HOGAR__P544S8,HOGAR,P544S8
HOGAR__P544S9,HOGAR,P544S9
HOGAR__P545,HOGAR,P545
HOGAR__P546,HOGAR,P546
HOGAR__P547,HOGAR,P547
VIVIENDA__Secuencia_p,VIVIENDA,Secuencia_p
VIVIENDA__Secuencia_encuesta,VIVIENDA,Secuencia_encuesta
VIVIENDA__Orden,VIVIENDA,Orden
VIVIENDA__Fex_c,VIVIENDA,Fex_c
VIVIENDA__area,VIVIENDA,area
VIVIENDA__P5747,VIVIENDA,P5747
VIVIENDA__P8520S1,VIVIENDA,P8520S1
VIVIENDA__P8520S1A1,VIVIENDA,P8520S1A1
VIVIENDA__P8520S2,VIVIENDA,P8520S2
VIVIENDA__P8520S3,VIVIENDA,P8520S3
VIVIENDA__P8520S4,VIVIENDA,P8520S4
VIVIENDA__P8520S5,VIVIENDA,P8520S5
VIVIENDA_USO_RECREATIVO__Directorio__registro_1,VIVIENDA_USO_RECREATIVO,Directorio
VIVIENDA_USO_RECREATIVO__Directorio__registro_2,VIVIENDA_USO_RECREATIVO,Directorio
VIVIENDA_USO_RECREATIVO__Directorio__registro_3,VIVIENDA_USO_RECREATIVO,Directorio
VIVIENDA_USO_RECREATIVO__Secuencia_p__registro_1,VIVIENDA_USO_RECREATIVO,Secuencia_p
VIVIENDA_USO_RECREATIVO__Secuencia_p__registro_2,VIVIENDA_USO_RECREATIVO,Secuencia_p
VIVIENDA_USO_RECREATIVO__Secuencia_p__registro_3,VIVIENDA_USO_RECREATIVO,Secuencia_p
VIVIENDA_USO_RECREATIVO__Secuencia_encuesta__registro_1,VIVIENDA_USO_RECREATIVO,Secuencia_encuesta
VIVIENDA_USO_RECREATIVO__Secuencia_encuesta__registro_2,VIVIENDA_USO_RECREATIVO,Secuencia_encuesta
VIVIENDA_USO_RECREATIVO__Secuencia_encuesta__registro_3,VIVIENDA_USO_RECREATIVO,Secuencia_encuesta
VIVIENDA_USO_RECREATIVO__Fex_c__registro_1,VIVIENDA_USO_RECREATIVO,Fex_c
VIVIENDA_USO_RECREATIVO__Fex_c__registro_2,VIVIENDA_USO_RECREATIVO,Fex_c
VIVIENDA_USO_RECREATIVO__Fex_c__registro_3,VIVIENDA_USO_RECREATIVO,Fex_c
VIVIENDA_USO_RECREATIVO__P37__registro_1,VIVIENDA_USO_RECREATIVO,P37
VIVIENDA_USO_RECREATIVO__P37__registro_2,VIVIENDA_USO_RECREATIVO,P37
VIVIENDA_USO_RECREATIVO__P37__registro_3,VIVIENDA_USO_RECREATIVO,P37
VIVIENDA_USO_RECREATIVO__P38S1__registro_1,VIVIENDA_USO_RECREATIVO,P38S1
VIVIENDA_USO_RECREATIVO__P38S1__registro_2,VIVIENDA_USO_RECREATIVO,P38S1
VIVIENDA_USO_RECREATIVO__P38S1__registro_3,VIVIENDA_USO_RECREATIVO,P38S1
VIVIENDA_USO_RECREATIVO__P38S1A1__registro_1,VIVIENDA_USO_RECREATIVO,P38S1A1
VIVIENDA_USO_RECREATIVO__P38S1A1__registro_2,VIVIENDA_USO_RECREATIVO,P38S1A1
VIVIENDA_USO_RECREATIVO__P38S1A1__registro_3,VIVIENDA_USO_RECREATIVO,P38S1A1
VIVIENDA_USO_RECREATIVO__P38S2__registro_1,VIVIENDA_USO_RECREATIVO,P38S2
VIVIENDA_USO_RECREATIVO__P38S2__registro_2,VIVIENDA_USO_RECREATIVO,P38S2
VIVIENDA_USO_RECREATIVO__P38S2__registro_3,VIVIENDA_USO_RECREATIVO,P38S2
VIVIENDA_USO_RECREATIVO__P38S2A1__registro_1,VIVIENDA_USO_RECREATIVO,P38S2A1
VIVIENDA_USO_RECREATIVO__P38S2A1__registro_2,VIVIENDA_USO_RECREATIVO,P38S2A1
VIVIENDA_USO_RECREATIVO__P38S2A1__registro_3,VIVIENDA_USO_RECREATIVO,P38S2A1
VIVIENDA_USO_RECREATIVO__P38S3__registro_1,VIVIENDA_USO_RECREATIVO,P38S3
VIVIENDA_USO_RECREATIVO__P38S3__registro_2,VIVIENDA_USO_RECREATIVO,P38S3
VIVIENDA_USO_RECREATIVO__P38S3__registro_3,VIVIENDA_USO_RECREATIVO,P38S3
VIVIENDA_USO_RECREATIVO__P38S3A1__registro_1,VIVIENDA_USO_RECREATIVO,P38S3A1
VIVIENDA_USO_RECREATIVO__P38S3A1__registro_2,VIVIENDA_USO_RECREATIVO,P38S3A1
VIVIENDA_USO_RECREATIVO__P38S3A1__registro_3,VIVIENDA_USO_RECREATIVO,P38S3A1
VIVIENDA_USO_RECREATIVO__presente__registro_1,VIVIENDA_USO_RECREATIVO,presente
VIVIENDA_USO_RECREATIVO__presente__registro_2,VIVIENDA_USO_RECREATIVO,presente
VIVIENDA_USO_RECREATIVO__presente__registro_3,VIVIENDA_USO_RECREATIVO,presente
